file,line_pct,lines
packages/common/constants.ts,100,31
packages/common/decorators/core/apply-decorators.ts,100,6
packages/common/decorators/core/bind.decorator.ts,100,3
packages/common/decorators/core/catch.decorator.ts,100,3
packages/common/decorators/core/controller.decorator.ts,100,8
packages/common/decorators/core/dependencies.decorator.ts,100,6
packages/common/decorators/core/exception-filters.decorator.ts,100,12
packages/common/decorators/core/index.ts,100,0
packages/common/decorators/core/inject.decorator.ts,100,14
packages/common/decorators/core/injectable.decorator.ts,100,6
packages/common/decorators/core/optional.decorator.ts,100,7
packages/common/decorators/core/set-metadata.decorator.ts,100,9
packages/common/decorators/core/use-guards.decorator.ts,100,10
packages/common/decorators/core/use-interceptors.decorator.ts,100,10
packages/common/decorators/core/use-pipes.decorator.ts,100,10
packages/common/decorators/core/version.decorator.ts,100,5
packages/common/decorators/http/create-route-param-metadata.decorator.ts,100,27
packages/common/decorators/http/header.decorator.ts,100,3
packages/common/decorators/http/http-code.decorator.ts,100,3
packages/common/decorators/http/index.ts,100,0
packages/common/decorators/http/redirect.decorator.ts,100,3
packages/common/decorators/http/render.decorator.ts,100,3
packages/common/decorators/http/request-mapping.decorator.ts,100,29
packages/common/decorators/http/route-params.decorator.ts,100,52
packages/common/decorators/http/sse-signal.decorator.ts,100,5
packages/common/decorators/http/sse.decorator.ts,100,6
packages/common/decorators/index.ts,100,0
packages/common/decorators/modules/global.decorator.ts,100,2
packages/common/decorators/modules/index.ts,100,0
packages/common/decorators/modules/module.decorator.ts,100,6
packages/common/enums/http-status.enum.ts,100,56
packages/common/enums/index.ts,100,0
packages/common/enums/request-method.enum.ts,100,18
packages/common/enums/route-paramtypes.enum.ts,100,17
packages/common/enums/shutdown-signal.enum.ts,100,12
packages/common/enums/version-type.enum.ts,100,5
packages/common/exceptions/bad-gateway.exception.ts,100,2
packages/common/exceptions/bad-request.exception.ts,100,2
packages/common/exceptions/conflict.exception.ts,100,2
packages/common/exceptions/forbidden.exception.ts,100,2
packages/common/exceptions/gateway-timeout.exception.ts,100,2
packages/common/exceptions/gone.exception.ts,100,2
packages/common/exceptions/http-version-not-supported.exception.ts,100,2
packages/common/exceptions/http.exception.ts,100,38
packages/common/exceptions/im-a-teapot.exception.ts,100,2
packages/common/exceptions/index.ts,100,0
packages/common/exceptions/internal-server-error.exception.ts,100,2
packages/common/exceptions/intrinsic.exception.ts,100,0
packages/common/exceptions/method-not-allowed.exception.ts,100,2
packages/common/exceptions/misdirected.exception.ts,100,2
packages/common/exceptions/not-acceptable.exception.ts,100,2
packages/common/exceptions/not-found.exception.ts,100,2
packages/common/exceptions/not-implemented.exception.ts,100,2
packages/common/exceptions/payload-too-large.exception.ts,100,2
packages/common/exceptions/precondition-failed.exception.ts,100,2
packages/common/exceptions/request-timeout.exception.ts,100,2
packages/common/exceptions/service-unavailable.exception.ts,100,2
packages/common/exceptions/unauthorized.exception.ts,100,2
packages/common/exceptions/unprocessable-entity.exception.ts,100,2
packages/common/exceptions/unsupported-media-type.exception.ts,100,2
packages/common/file-stream/index.ts,100,0
packages/common/file-stream/interfaces/index.ts,100,0
packages/common/file-stream/interfaces/streamable-handler-response.interface.ts,100,0
packages/common/file-stream/interfaces/streamable-options.interface.ts,100,0
packages/common/file-stream/streamable-file.ts,100,28
packages/common/index.ts,100,0
packages/common/interfaces/abstract.interface.ts,100,0
packages/common/interfaces/controllers/controller-metadata.interface.ts,100,0
packages/common/interfaces/controllers/controller.interface.ts,100,0
packages/common/interfaces/controllers/index.ts,100,0
packages/common/interfaces/exceptions/exception-filter-metadata.interface.ts,100,0
packages/common/interfaces/exceptions/exception-filter.interface.ts,100,0
packages/common/interfaces/exceptions/index.ts,100,0
packages/common/interfaces/exceptions/rpc-exception-filter-metadata.interface.ts,100,0
packages/common/interfaces/exceptions/rpc-exception-filter.interface.ts,100,0
packages/common/interfaces/exceptions/ws-exception-filter.interface.ts,100,0
packages/common/interfaces/external/class-transform-options.interface.ts,100,0
packages/common/interfaces/external/cors-options.interface.ts,100,0
packages/common/interfaces/external/https-options.interface.ts,100,0
packages/common/interfaces/external/transformer-package.interface.ts,100,0
packages/common/interfaces/external/validation-error.interface.ts,100,0
packages/common/interfaces/external/validator-options.interface.ts,100,0
packages/common/interfaces/external/validator-package.interface.ts,100,0
packages/common/interfaces/features/arguments-host.interface.ts,100,0
packages/common/interfaces/features/can-activate.interface.ts,100,0
packages/common/interfaces/features/custom-route-param-factory.interface.ts,100,0
packages/common/interfaces/features/execution-context.interface.ts,100,0
packages/common/interfaces/features/nest-interceptor.interface.ts,100,0
packages/common/interfaces/features/paramtype.interface.ts,100,0
packages/common/interfaces/features/pipe-transform.interface.ts,100,0
packages/common/interfaces/global-prefix-options.interface.ts,100,0
packages/common/interfaces/hooks/before-application-shutdown.interface.ts,100,0
packages/common/interfaces/hooks/index.ts,100,0
packages/common/interfaces/hooks/on-application-bootstrap.interface.ts,100,0
packages/common/interfaces/hooks/on-application-shutdown.interface.ts,100,0
packages/common/interfaces/hooks/on-destroy.interface.ts,100,0
packages/common/interfaces/hooks/on-init.interface.ts,100,0
packages/common/interfaces/http/cookie-options.interface.ts,100,0
packages/common/interfaces/http/csrf-protection-options.interface.ts,100,0
packages/common/interfaces/http/http-exception-body.interface.ts,100,0
packages/common/interfaces/http/http-redirect-response.interface.ts,100,0
packages/common/interfaces/http/http-server.interface.ts,100,0
packages/common/interfaces/http/index.ts,100,0
packages/common/interfaces/http/message-event.interface.ts,100,0
packages/common/interfaces/http/raw-body-request.interface.ts,100,0
packages/common/interfaces/http/security-headers-options.interface.ts,100,0
packages/common/interfaces/index.ts,100,0
packages/common/interfaces/injectable.interface.ts,100,0
packages/common/interfaces/microservices/nest-hybrid-application-options.interface.ts,100,0
packages/common/interfaces/microservices/nest-microservice-options.interface.ts,100,0
packages/common/interfaces/microservices/pre-request-hook.interface.ts,100,0
packages/common/interfaces/microservices/transport-server.interface.ts,100,0
packages/common/interfaces/middleware/index.ts,100,0
packages/common/interfaces/middleware/middleware-config-proxy.interface.ts,100,0
packages/common/interfaces/middleware/middleware-configuration.interface.ts,100,0
packages/common/interfaces/middleware/middleware-consumer.interface.ts,100,0
packages/common/interfaces/middleware/nest-middleware.interface.ts,100,0
packages/common/interfaces/modules/dynamic-module.interface.ts,100,0
packages/common/interfaces/modules/forward-reference.interface.ts,100,0
packages/common/interfaces/modules/index.ts,100,0
packages/common/interfaces/modules/injection-token.interface.ts,100,0
packages/common/interfaces/modules/introspection-result.interface.ts,100,0
packages/common/interfaces/modules/module-metadata.interface.ts,100,0
packages/common/interfaces/modules/nest-module.interface.ts,100,0
packages/common/interfaces/modules/optional-factory-dependency.interface.ts,100,0
packages/common/interfaces/modules/provider.interface.ts,100,0
packages/common/interfaces/nest-application-context-options.interface.ts,100,0
packages/common/interfaces/nest-application-context.interface.ts,100,0
packages/common/interfaces/nest-application-options.interface.ts,100,0
packages/common/interfaces/nest-application.interface.ts,100,0
packages/common/interfaces/nest-microservice.interface.ts,100,0
packages/common/interfaces/router-options.interface.ts,100,0
packages/common/interfaces/scope-options.interface.ts,100,4
packages/common/interfaces/shutdown-hooks-options.interface.ts,100,0
packages/common/interfaces/type.interface.ts,100,0
packages/common/interfaces/version-options.interface.ts,100,1
packages/common/interfaces/websockets/web-socket-adapter.interface.ts,100,0
packages/common/internal.ts,100,0
packages/common/module-utils/configurable-module.builder.ts,92.06,63
packages/common/module-utils/constants.ts,100,5
packages/common/module-utils/index.ts,100,0
packages/common/module-utils/interfaces/configurable-module-async-options.interface.ts,100,0
packages/common/module-utils/interfaces/configurable-module-cls.interface.ts,100,0
packages/common/module-utils/interfaces/configurable-module-host.interface.ts,100,0
packages/common/module-utils/interfaces/index.ts,100,0
packages/common/module-utils/utils/generate-options-injection-token.util.ts,100,2
packages/common/module-utils/utils/get-injection-providers.util.ts,100,13
packages/common/module-utils/utils/index.ts,100,0
packages/common/pipes/default-value.pipe.ts,100,6
packages/common/pipes/file/file-type.validator.ts,81.39,43
packages/common/pipes/file/file-validator-context.interface.ts,100,0
packages/common/pipes/file/file-validator.interface.ts,100,1
packages/common/pipes/file/index.ts,100,0
packages/common/pipes/file/interfaces/file.interface.ts,100,0
packages/common/pipes/file/interfaces/index.ts,100,0
packages/common/pipes/file/max-file-size.validator.ts,100,11
packages/common/pipes/file/parse-file-options.interface.ts,100,0
packages/common/pipes/file/parse-file-pipe.builder.ts,100,8
packages/common/pipes/file/parse-file.pipe.ts,96,25
packages/common/pipes/index.ts,100,0
packages/common/pipes/parse-array.pipe.ts,93.93,66
packages/common/pipes/parse-bool.pipe.ts,100,15
packages/common/pipes/parse-date.pipe.ts,100,16
packages/common/pipes/parse-enum.pipe.ts,100,22
packages/common/pipes/parse-float.pipe.ts,94.11,17
packages/common/pipes/parse-int.pipe.ts,91.66,12
packages/common/pipes/parse-uuid.pipe.ts,100,17
packages/common/pipes/standard-schema-validation.pipe.ts,100,29
packages/common/pipes/validation.pipe.ts,90.35,114
packages/common/serializer/class-serializer.constants.ts,100,1
packages/common/serializer/class-serializer.interceptor.ts,96,25
packages/common/serializer/class-serializer.interfaces.ts,100,0
packages/common/serializer/decorators/index.ts,100,0
packages/common/serializer/decorators/serialize-options.decorator.ts,50,2
packages/common/serializer/index.ts,100,0
packages/common/serializer/standard-schema-serializer.interceptor.ts,100,21
packages/common/serializer/standard-schema-serializer.interfaces.ts,100,0
packages/common/services/console-logger.service.ts,98.4,251
packages/common/services/index.ts,100,0
packages/common/services/log-levels.constant.ts,100,1
packages/common/services/logger.service.ts,87.32,71
packages/common/services/utils/filter-log-levels.util.ts,90,10
packages/common/services/utils/get-env-log-levels.util.ts,100,7
packages/common/services/utils/index.ts,100,0
packages/common/services/utils/is-log-level-enabled.util.ts,100,11
packages/common/services/utils/is-log-level.util.ts,100,1
packages/common/services/utils/redact.util.ts,100,112
packages/common/utils/assign-custom-metadata.util.ts,100,1
packages/common/utils/cli-colors.util.ts,100,12
packages/common/utils/extend-metadata.util.ts,100,3
packages/common/utils/forward-ref.util.ts,100,1
packages/common/utils/http-error-by-code.util.ts,100,1
packages/common/utils/index.ts,100,0
packages/common/utils/load-package.util.ts,65.78,38
packages/common/utils/merge-with-values.util.ts,87.5,8
packages/common/utils/parameter-decorator-options.util.ts,100,3
packages/common/utils/random-string-generator.util.ts,100,1
packages/common/utils/select-exception-filter-metadata.util.ts,100,4
packages/common/utils/shared.utils.ts,100,39
packages/common/utils/strip-proto-keys.util.ts,100,16
packages/common/utils/validate-each.util.ts,90,10
packages/common/utils/validate-module-keys.util.ts,100,8
packages/core/adapters/http-adapter.ts,48.78,41
packages/core/adapters/index.ts,100,0
packages/core/application-config.ts,100,50
packages/core/constants.ts,100,6
packages/core/discovery/discoverable-meta-host-collection.ts,100,29
packages/core/discovery/discovery-module.ts,100,2
packages/core/discovery/discovery-service.ts,100,34
packages/core/discovery/index.ts,100,0
packages/core/errors/exception-handler.ts,100,2
packages/core/errors/exceptions-zone.ts,100,14
packages/core/errors/exceptions/circular-dependency.exception.ts,100,2
packages/core/errors/exceptions/index.ts,100,0
packages/core/errors/exceptions/invalid-class-module.exception.ts,100,1
packages/core/errors/exceptions/invalid-class-scope.exception.ts,100,3
packages/core/errors/exceptions/invalid-class.exception.ts,0,1
packages/core/errors/exceptions/invalid-exception-filter.exception.ts,100,1
packages/core/errors/exceptions/invalid-middleware-configuration.exception.ts,0,1
packages/core/errors/exceptions/invalid-middleware.exception.ts,100,1
packages/core/errors/exceptions/invalid-module.exception.ts,100,1
packages/core/errors/exceptions/invalid-provider.exception.ts,100,1
packages/core/errors/exceptions/route-conflict.exception.ts,100,1
packages/core/errors/exceptions/runtime.exception.ts,50,2
packages/core/errors/exceptions/undefined-dependency.exception.ts,100,1
packages/core/errors/exceptions/undefined-forwardref.exception.ts,100,1
packages/core/errors/exceptions/undefined-module.exception.ts,100,1
packages/core/errors/exceptions/unknown-dependencies.exception.ts,100,5
packages/core/errors/exceptions/unknown-element.exception.ts,100,2
packages/core/errors/exceptions/unknown-export.exception.ts,100,1
packages/core/errors/exceptions/unknown-module.exception.ts,100,1
packages/core/errors/exceptions/unknown-request-mapping.exception.ts,100,1
packages/core/errors/messages.ts,95.29,85
packages/core/exceptions/base-exception-filter-context.ts,100,26
packages/core/exceptions/base-exception-filter.ts,88.46,26
packages/core/exceptions/exceptions-handler.ts,100,12
packages/core/exceptions/external-exception-filter-context.ts,100,20
packages/core/exceptions/external-exception-filter.ts,100,4
packages/core/exceptions/external-exceptions-handler.ts,100,12
packages/core/exceptions/index.ts,100,0
packages/core/guards/constants.ts,100,1
packages/core/guards/guards-consumer.ts,83.33,18
packages/core/guards/guards-context-creator.ts,100,38
packages/core/guards/index.ts,100,0
packages/core/helpers/barrier.ts,100,12
packages/core/helpers/context-creator.ts,100,8
packages/core/helpers/context-id-factory.ts,50,20
packages/core/helpers/context-utils.ts,100,21
packages/core/helpers/cookies/cookie-signer.ts,100,22
packages/core/helpers/cookies/parse-cookie-header.ts,100,21
packages/core/helpers/cookies/request-cookies.ts,100,29
packages/core/helpers/cookies/serialize-cookie.ts,100,50
packages/core/helpers/execution-context-host.ts,100,21
packages/core/helpers/external-context-creator.ts,94.68,94
packages/core/helpers/external-proxy.ts,100,6
packages/core/helpers/get-class-scope.ts,100,2
packages/core/helpers/handler-metadata-storage.ts,100,9
packages/core/helpers/http-adapter-host.ts,100,14
packages/core/helpers/index.ts,100,0
packages/core/helpers/interfaces/external-handler-metadata.interface.ts,100,0
packages/core/helpers/interfaces/index.ts,100,0
packages/core/helpers/interfaces/params-metadata.interface.ts,100,0
packages/core/helpers/is-durable.ts,100,2
packages/core/helpers/load-adapter.ts,100,7
packages/core/helpers/messages.ts,94.44,18
packages/core/helpers/optional-require.ts,100,3
packages/core/helpers/rethrow.ts,100,2
packages/core/helpers/router-method-factory.ts,100,6
packages/core/helpers/safe-instance-decorator.ts,100,6
packages/core/hooks/before-app-shutdown.hook.ts,100,18
packages/core/hooks/index.ts,100,0
packages/core/hooks/on-app-bootstrap.hook.ts,100,13
packages/core/hooks/on-app-shutdown.hook.ts,100,18
packages/core/hooks/on-module-destroy.hook.ts,100,18
packages/core/hooks/on-module-init.hook.ts,100,13
packages/core/hooks/utils/get-instances-grouped-by-hierarchy-level.ts,88.88,18
packages/core/hooks/utils/get-sorted-hierarchy-levels.ts,100,5
packages/core/index.ts,100,0
packages/core/injector/abstract-instance-resolver.ts,86.36,22
packages/core/injector/compiler.ts,100,11
packages/core/injector/constants.ts,100,3
packages/core/injector/container.ts,93.39,106
packages/core/injector/helpers/is-debug-mode.util.ts,100,1
packages/core/injector/helpers/provider-classifier.ts,100,4
packages/core/injector/helpers/silent-logger.ts,100,8
packages/core/injector/index.ts,100,0
packages/core/injector/injector.ts,92.17,345
packages/core/injector/inquirer/index.ts,100,0
packages/core/injector/inquirer/inquirer-constants.ts,100,1
packages/core/injector/inquirer/inquirer-providers.ts,100,2
packages/core/injector/instance-links-host.ts,89.28,28
packages/core/injector/instance-loader.ts,93.87,49
packages/core/injector/instance-wrapper.ts,97.47,198
packages/core/injector/internal-core-module/index.ts,100,0
packages/core/injector/internal-core-module/internal-core-module-factory.ts,100,11
packages/core/injector/internal-core-module/internal-core-module.ts,100,5
packages/core/injector/internal-providers-storage.ts,100,4
packages/core/injector/lazy-module-loader/lazy-module-loader-options.interface.ts,100,0
packages/core/injector/lazy-module-loader/lazy-module-loader.ts,100,27
packages/core/injector/module-ref.ts,100,26
packages/core/injector/module.ts,86.82,167
packages/core/injector/modules-container.ts,100,6
packages/core/injector/opaque-key-factory/by-reference-module-opaque-key-factory.ts,100,14
packages/core/injector/opaque-key-factory/deep-hashed-module-opaque-key-factory.ts,85.45,55
packages/core/injector/opaque-key-factory/interfaces/module-opaque-key-factory.interface.ts,100,0
packages/core/injector/settlement-signal.ts,100,18
packages/core/injector/topology-tree/topology-tree.ts,95.83,24
packages/core/injector/topology-tree/tree-node.ts,100,28
packages/core/inspector/deterministic-uuid-registry.ts,100,11
packages/core/inspector/graph-inspector.ts,88.23,51
packages/core/inspector/index.ts,100,0
packages/core/inspector/initialize-on-preview.allowlist.ts,100,3
packages/core/inspector/interfaces/edge.interface.ts,100,0
packages/core/inspector/interfaces/enhancer-metadata-cache-entry.interface.ts,100,0
packages/core/inspector/interfaces/entrypoint.interface.ts,100,0
packages/core/inspector/interfaces/extras.interface.ts,100,0
packages/core/inspector/interfaces/node.interface.ts,100,0
packages/core/inspector/interfaces/serialized-graph-json.interface.ts,100,0
packages/core/inspector/interfaces/serialized-graph-metadata.interface.ts,100,0
packages/core/inspector/noop-graph-inspector.ts,100,3
packages/core/inspector/partial-graph.host.ts,100,3
packages/core/inspector/serialized-graph.ts,100,39
packages/core/inspector/uuid-factory.ts,100,6
packages/core/interceptors/index.ts,100,0
packages/core/interceptors/interceptors-consumer.ts,100,23
packages/core/interceptors/interceptors-context-creator.ts,97.29,37
packages/core/interfaces/index.ts,100,0
packages/core/interfaces/module-definition.interface.ts,100,0
packages/core/interfaces/module-override.interface.ts,100,0
packages/core/internal.ts,100,0
packages/core/metadata-scanner.ts,100,36
packages/core/middleware/builder.ts,100,40
packages/core/middleware/container.ts,100,20
packages/core/middleware/index.ts,100,0
packages/core/middleware/middleware-module.ts,55.96,109
packages/core/middleware/resolver.ts,100,7
packages/core/middleware/route-info-path-extractor.ts,100,40
packages/core/middleware/routes-mapper.ts,88.13,59
packages/core/middleware/utils.ts,80.85,47
packages/core/nest-application-context.ts,76.57,111
packages/core/nest-application.ts,66.42,271
packages/core/nest-factory.ts,4.08,98
packages/core/pipes/index.ts,100,0
packages/core/pipes/params-token-factory.ts,100,5
packages/core/pipes/pipes-consumer.ts,100,7
packages/core/pipes/pipes-context-creator.ts,100,38
packages/core/repl/assign-to-object.util.ts,100,4
packages/core/repl/constants.ts,100,1
packages/core/repl/index.ts,100,0
packages/core/repl/native-functions/debug-repl-fn.ts,95,20
packages/core/repl/native-functions/get-repl-fn.ts,100,2
packages/core/repl/native-functions/help-repl-fn.ts,100,7
packages/core/repl/native-functions/index.ts,100,0
packages/core/repl/native-functions/methods-repl-fn.ts,100,9
packages/core/repl/native-functions/resolve-repl-fn.ts,100,2
packages/core/repl/native-functions/select-relp-fn.ts,100,2
packages/core/repl/repl-context.ts,93.87,49
packages/core/repl/repl-function.ts,40,5
packages/core/repl/repl-logger.ts,100,4
packages/core/repl/repl-native-commands.ts,0,16
packages/core/repl/repl.interfaces.ts,100,0
packages/core/repl/repl.ts,0,11
packages/core/router/index.ts,100,0
packages/core/router/interfaces/exceptions-filter.interface.ts,100,0
packages/core/router/interfaces/exclude-route-metadata.interface.ts,100,0
packages/core/router/interfaces/index.ts,100,0
packages/core/router/interfaces/resolved-route.interface.ts,100,0
packages/core/router/interfaces/resolver.interface.ts,100,0
packages/core/router/interfaces/route-conflict.interface.ts,100,0
packages/core/router/interfaces/route-params-factory.interface.ts,100,0
packages/core/router/interfaces/route-path-metadata.interface.ts,100,0
packages/core/router/interfaces/route-resolution-options.interface.ts,100,0
packages/core/router/interfaces/routes.interface.ts,100,0
packages/core/router/legacy-route-converter.ts,100,30
packages/core/router/paths-explorer.ts,94.11,17
packages/core/router/request/index.ts,100,0
packages/core/router/request/request-constants.ts,100,2
packages/core/router/request/request-providers.ts,100,2
packages/core/router/route-conflict-detector.ts,95.86,121
packages/core/router/route-params-factory.ts,100,20
packages/core/router/route-path-factory.ts,94.44,54
packages/core/router/route-specificity-sorter.ts,100,21
packages/core/router/router-exception-filters.ts,100,19
packages/core/router/router-execution-context.ts,97.18,142
packages/core/router/router-explorer.ts,71.21,132
packages/core/router/router-module.ts,93.1,29
packages/core/router/router-proxy.ts,100,12
packages/core/router/router-response-controller.ts,94.68,94
packages/core/router/routes-resolver.ts,91.07,56
packages/core/router/sse-stream.ts,98,50
packages/core/router/utils/exclude-route.util.ts,100,6
packages/core/router/utils/flatten-route-paths.util.ts,100,12
packages/core/router/utils/index.ts,100,0
packages/core/scanner.ts,93.84,195
packages/core/security/cross-origin-protection.ts,97.02,101
packages/core/security/http-security-hook.ts,100,9
packages/core/security/security-headers.ts,99.36,158
packages/core/services/index.ts,100,0
packages/core/services/reflector.service.ts,100,31
packages/microservices/client/client-grpc.ts,81.81,165
packages/microservices/client/client-kafka.ts,82.14,168
packages/microservices/client/client-mqtt.ts,94.11,170
packages/microservices/client/client-nats.ts,82.7,133
packages/microservices/client/client-proxy-factory.ts,84.61,13
packages/microservices/client/client-proxy.ts,100,43
packages/microservices/client/client-redis.ts,95.83,168
packages/microservices/client/client-rmq.ts,88.82,188
packages/microservices/client/client-tcp.ts,93.75,96
packages/microservices/client/index.ts,100,0
packages/microservices/constants.ts,98.07,52
packages/microservices/container.ts,100,4
packages/microservices/context/exception-filters-context.ts,100,18
packages/microservices/context/request-context-host.ts,100,8
packages/microservices/context/rpc-context-creator.ts,97.64,85
packages/microservices/context/rpc-metadata-constants.ts,100,2
packages/microservices/context/rpc-proxy.ts,100,9
packages/microservices/ctx-host/base-rpc.context.ts,100,3
packages/microservices/ctx-host/index.ts,100,0
packages/microservices/ctx-host/kafka.context.ts,100,7
packages/microservices/ctx-host/mqtt.context.ts,100,3
packages/microservices/ctx-host/nats.context.ts,100,3
packages/microservices/ctx-host/redis.context.ts,100,3
packages/microservices/ctx-host/rmq.context.ts,100,4
packages/microservices/ctx-host/tcp.context.ts,100,4
packages/microservices/decorators/client.decorator.ts,100,4
packages/microservices/decorators/ctx.decorator.ts,100,1
packages/microservices/decorators/event-pattern.decorator.ts,100,13
packages/microservices/decorators/grpc-service.decorator.ts,100,1
packages/microservices/decorators/index.ts,100,0
packages/microservices/decorators/message-pattern.decorator.ts,88.46,52
packages/microservices/decorators/payload.decorator.ts,100,1
packages/microservices/deserializers/identity.deserializer.ts,100,1
packages/microservices/deserializers/incoming-request.deserializer.ts,88.88,9
packages/microservices/deserializers/incoming-response.deserializer.ts,88.88,9
packages/microservices/deserializers/index.ts,100,0
packages/microservices/deserializers/kafka-request.deserializer.ts,66.66,3
packages/microservices/deserializers/kafka-response.deserializer.ts,100,6
packages/microservices/deserializers/nats-request-json.deserializer.ts,100,2
packages/microservices/deserializers/nats-response-json.deserializer.ts,100,2
packages/microservices/enums/grpc-status.enum.ts,100,18
packages/microservices/enums/index.ts,100,0
packages/microservices/enums/kafka-headers.enum.ts,100,34
packages/microservices/enums/pattern-handler.enum.ts,100,3
packages/microservices/enums/rpc-paramtype.enum.ts,100,4
packages/microservices/enums/transport.enum.ts,100,8
packages/microservices/errors/corrupted-packet-length.exception.ts,100,1
packages/microservices/errors/empty-response.exception.ts,0,1
packages/microservices/errors/incomplete-message-timeout.exception.ts,100,1
packages/microservices/errors/invalid-grpc-message-decorator.exception.ts,0,1
packages/microservices/errors/invalid-grpc-package-definition-missing-package-definition.exception.ts,100,1
packages/microservices/errors/invalid-grpc-package-definition-mutex.exception.ts,100,1
packages/microservices/errors/invalid-grpc-package.exception.ts,100,1
packages/microservices/errors/invalid-grpc-service.exception.ts,100,1
packages/microservices/errors/invalid-json-format.exception.ts,100,1
packages/microservices/errors/invalid-kafka-client-topic.exception.ts,100,1
packages/microservices/errors/invalid-message.exception.ts,0,1
packages/microservices/errors/invalid-proto-definition.exception.ts,100,1
packages/microservices/errors/invalid-tcp-data-reception.exception.ts,0,3
packages/microservices/errors/max-packet-length-exceeded.exception.ts,100,1
packages/microservices/errors/max-send-buffer-size-exceeded.exception.ts,100,1
packages/microservices/errors/net-socket-closed.exception.ts,0,1
packages/microservices/events/index.ts,100,0
packages/microservices/events/kafka.events.ts,100,6
packages/microservices/events/mqtt.events.ts,100,15
packages/microservices/events/nats.events.ts,100,8
packages/microservices/events/redis.events.ts,100,12
packages/microservices/events/rmq.events.ts,100,11
packages/microservices/events/tcp.events.ts,100,12
packages/microservices/exceptions/base-rpc-exception-filter.ts,91.66,12
packages/microservices/exceptions/grpc-exception-filter.ts,94.44,18
packages/microservices/exceptions/grpc-exception.ts,25,20
packages/microservices/exceptions/index.ts,100,0
packages/microservices/exceptions/kafka-retriable-exception.ts,0,1
packages/microservices/exceptions/rpc-exception.ts,100,10
packages/microservices/exceptions/rpc-exceptions-handler.ts,100,14
packages/microservices/external/grpc-options.interface.ts,100,0
packages/microservices/external/kafka.interface.ts,100,58
packages/microservices/external/mqtt-options.interface.ts,100,0
packages/microservices/external/nats-codec.interface.ts,100,0
packages/microservices/external/redis.interface.ts,100,0
packages/microservices/external/rmq-url.interface.ts,100,0
packages/microservices/factories/rpc-params-factory.ts,85.71,7
packages/microservices/helpers/grpc-helpers.ts,100,7
packages/microservices/helpers/index.ts,100,0
packages/microservices/helpers/json-socket.ts,96.77,93
packages/microservices/helpers/kafka-logger.ts,100,14
packages/microservices/helpers/kafka-parser.ts,100,21
packages/microservices/helpers/kafka-reply-partition-assigner.ts,100,55
packages/microservices/helpers/tcp-socket.ts,90.32,31
packages/microservices/index.ts,100,0
packages/microservices/interfaces/client-grpc.interface.ts,100,0
packages/microservices/interfaces/client-kafka-proxy.interface.ts,100,0
packages/microservices/interfaces/client-metadata.interface.ts,100,0
packages/microservices/interfaces/custom-transport-strategy.interface.ts,100,0
packages/microservices/interfaces/deserializer.interface.ts,100,0
packages/microservices/interfaces/index.ts,100,0
packages/microservices/interfaces/message-handler.interface.ts,100,0
packages/microservices/interfaces/microservice-configuration.interface.ts,100,0
packages/microservices/interfaces/microservice-entrypoint-metadata.interface.ts,100,0
packages/microservices/interfaces/packet.interface.ts,100,0
packages/microservices/interfaces/pattern-metadata.interface.ts,100,0
packages/microservices/interfaces/pattern.interface.ts,100,0
packages/microservices/interfaces/request-context.interface.ts,100,0
packages/microservices/interfaces/serializer.interface.ts,100,0
packages/microservices/listener-metadata-explorer.ts,95.65,23
packages/microservices/listeners-controller.ts,97.56,82
packages/microservices/microservices-module.ts,61.53,26
packages/microservices/module/clients.module.ts,89.28,28
packages/microservices/module/index.ts,100,0
packages/microservices/module/interfaces/clients-module.interface.ts,100,0
packages/microservices/module/interfaces/index.ts,100,0
packages/microservices/nest-microservice.ts,57.69,130
packages/microservices/record-builders/index.ts,100,0
packages/microservices/record-builders/mqtt.record-builder.ts,100,14
packages/microservices/record-builders/nats.record-builder.ts,100,8
packages/microservices/record-builders/rmq.record-builder.ts,100,8
packages/microservices/serializers/identity.serializer.ts,100,1
packages/microservices/serializers/index.ts,100,0
packages/microservices/serializers/kafka-request.serializer.ts,100,15
packages/microservices/serializers/mqtt-record.serializer.ts,100,4
packages/microservices/serializers/nats-record.serializer.ts,100,2
packages/microservices/serializers/rmq-record.serializer.ts,100,4
packages/microservices/server/index.ts,100,0
packages/microservices/server/server-factory.ts,100,9
packages/microservices/server/server-grpc.ts,91.54,272
packages/microservices/server/server-kafka.ts,87.97,158
packages/microservices/server/server-mqtt.ts,83.73,123
packages/microservices/server/server-nats.ts,70.83,96
packages/microservices/server/server-redis.ts,82.69,104
packages/microservices/server/server-rmq.ts,76.24,181
packages/microservices/server/server-tcp.ts,84.15,101
packages/microservices/server/server.ts,95.65,92
packages/microservices/tokens.ts,100,1
packages/microservices/utils/index.ts,100,0
packages/microservices/utils/param.utils.ts,95.23,21
packages/microservices/utils/transform-pattern.utils.ts,100,21
packages/platform-express/adapters/express-adapter.ts,33.17,205
packages/platform-express/adapters/index.ts,100,0
packages/platform-express/adapters/utils/get-body-parser-options.util.ts,100,7
packages/platform-express/adapters/utils/get-media-type-version.util.ts,100,9
packages/platform-express/index.ts,100,0
packages/platform-express/interfaces/index.ts,100,0
packages/platform-express/interfaces/nest-express-application.interface.ts,100,0
packages/platform-express/interfaces/nest-express-body-parser-options.interface.ts,100,0
packages/platform-express/interfaces/nest-express-body-parser.interface.ts,100,0
packages/platform-express/interfaces/serve-static-options.interface.ts,100,0
packages/platform-express/multer/files.constants.ts,100,1
packages/platform-express/multer/index.ts,100,0
packages/platform-express/multer/interceptors/any-files.interceptor.ts,100,12
packages/platform-express/multer/interceptors/file-fields.interceptor.ts,83.33,12
packages/platform-express/multer/interceptors/file.interceptor.ts,100,12
packages/platform-express/multer/interceptors/files.interceptor.ts,100,12
packages/platform-express/multer/interceptors/index.ts,100,0
packages/platform-express/multer/interceptors/no-files.interceptor.ts,100,12
packages/platform-express/multer/interfaces/files-upload-module.interface.ts,100,0
packages/platform-express/multer/interfaces/index.ts,100,0
packages/platform-express/multer/interfaces/multer-options.interface.ts,100,0
packages/platform-express/multer/multer.constants.ts,100,1
packages/platform-express/multer/multer.module.ts,100,12
packages/platform-express/multer/multer/multer.constants.ts,100,2
packages/platform-express/multer/multer/multer.utils.ts,100,16
packages/platform-fastify/adapters/fastify-adapter.ts,58.97,351
packages/platform-fastify/adapters/index.ts,100,0
packages/platform-fastify/adapters/utils/get-media-type-version.util.ts,100,9
packages/platform-fastify/constants.ts,100,3
packages/platform-fastify/decorators/index.ts,100,0
packages/platform-fastify/decorators/route-config.decorator.ts,100,2
packages/platform-fastify/decorators/route-constraints.decorator.ts,100,2
packages/platform-fastify/decorators/route-schema.decorator.ts,100,2
packages/platform-fastify/index.ts,100,0
packages/platform-fastify/interfaces/external/fastify-multipart-options.interface.ts,100,0
packages/platform-fastify/interfaces/external/fastify-static-options.interface.ts,100,0
packages/platform-fastify/interfaces/external/fastify-view-options.interface.ts,100,0
packages/platform-fastify/interfaces/external/index.ts,100,0
packages/platform-fastify/interfaces/index.ts,100,0
packages/platform-fastify/interfaces/nest-fastify-application.interface.ts,100,0
packages/platform-fastify/interfaces/nest-fastify-body-parser-options.interface.ts,100,0
packages/platform-fastify/multipart/files.constants.ts,100,1
packages/platform-fastify/multipart/index.ts,100,0
packages/platform-fastify/multipart/interceptors/any-files.interceptor.ts,100,1
packages/platform-fastify/multipart/interceptors/file-fields.interceptor.ts,100,1
packages/platform-fastify/multipart/interceptors/file-stream.interceptor.ts,100,1
packages/platform-fastify/multipart/interceptors/file.interceptor.ts,100,1
packages/platform-fastify/multipart/interceptors/files.interceptor.ts,100,1
packages/platform-fastify/multipart/interceptors/index.ts,100,0
packages/platform-fastify/multipart/interceptors/no-files.interceptor.ts,100,1
packages/platform-fastify/multipart/interfaces/files-upload-module.interface.ts,100,0
packages/platform-fastify/multipart/interfaces/index.ts,100,0
packages/platform-fastify/multipart/interfaces/multipart-file.interface.ts,100,0
packages/platform-fastify/multipart/interfaces/multipart-options.interface.ts,100,0
packages/platform-fastify/multipart/multipart.constants.ts,100,1
packages/platform-fastify/multipart/multipart.module.ts,100,12
packages/platform-fastify/multipart/multipart/append-field.util.ts,98.63,73
packages/platform-fastify/multipart/multipart/multipart-interceptor.factory.ts,100,43
packages/platform-fastify/multipart/multipart/multipart.constants.ts,100,8
packages/platform-fastify/multipart/multipart/multipart.error.ts,100,4
packages/platform-fastify/multipart/multipart/multipart.parser.ts,94.97,179
packages/platform-fastify/multipart/multipart/multipart.utils.ts,100,21
packages/platform-fastify/multipart/storage/disk.storage.ts,93.75,32
packages/platform-fastify/multipart/storage/index.ts,100,0
packages/platform-fastify/multipart/storage/memory.storage.ts,100,9
packages/platform-socket.io/adapters/index.ts,100,0
packages/platform-socket.io/adapters/io-adapter.ts,71.42,42
packages/platform-socket.io/index.ts,100,0
packages/platform-ws/adapters/index.ts,100,0
packages/platform-ws/adapters/ws-adapter.ts,63.47,115
packages/platform-ws/index.ts,100,0
packages/testing/index.ts,100,0
packages/testing/interfaces/index.ts,100,0
packages/testing/interfaces/mock-factory.ts,100,0
packages/testing/interfaces/override-by-factory-options.interface.ts,100,0
packages/testing/interfaces/override-by.interface.ts,100,0
packages/testing/interfaces/override-module.interface.ts,100,0
packages/testing/services/capturing-logger.service.ts,100,61
packages/testing/services/testing-logger.service.ts,100,2
packages/testing/test.ts,100,2
packages/testing/testing-injector.ts,95.45,22
packages/testing/testing-instance-loader.ts,100,3
packages/testing/testing-module.builder.ts,100,54
packages/testing/testing-module.ts,93.75,32
packages/websockets/adapters/index.ts,100,0
packages/websockets/adapters/ws-adapter.ts,41.66,12
packages/websockets/constants.ts,100,12
packages/websockets/context/exception-filters-context.ts,100,9
packages/websockets/context/ws-context-creator.ts,97.22,72
packages/websockets/context/ws-metadata-constants.ts,100,1
packages/websockets/context/ws-proxy.ts,100,11
packages/websockets/decorators/ack.decorator.ts,100,1
packages/websockets/decorators/connected-socket.decorator.ts,100,1
packages/websockets/decorators/gateway-server.decorator.ts,100,4
packages/websockets/decorators/index.ts,100,0
packages/websockets/decorators/message-body.decorator.ts,100,1
packages/websockets/decorators/socket-gateway.decorator.ts,100,7
packages/websockets/decorators/subscribe-message.decorator.ts,100,5
packages/websockets/enums/ws-paramtype.enum.ts,100,4
packages/websockets/errors/index.ts,100,0
packages/websockets/errors/invalid-socket-port.exception.ts,100,1
packages/websockets/errors/ws-exception.ts,100,10
packages/websockets/exceptions/base-ws-exception-filter.ts,96.96,33
packages/websockets/exceptions/index.ts,100,0
packages/websockets/exceptions/ws-exceptions-handler.ts,100,12
packages/websockets/factories/server-and-event-streams-factory.ts,100,5
packages/websockets/factories/ws-params-factory.ts,100,7
packages/websockets/gateway-metadata-explorer.ts,100,27
packages/websockets/index.ts,100,0
packages/websockets/interfaces/gateway-metadata.interface.ts,100,0
packages/websockets/interfaces/hooks/index.ts,100,0
packages/websockets/interfaces/hooks/on-gateway-connection.interface.ts,100,0
packages/websockets/interfaces/hooks/on-gateway-disconnect.interface.ts,100,0
packages/websockets/interfaces/hooks/on-gateway-init.interface.ts,100,0
packages/websockets/interfaces/index.ts,100,0
packages/websockets/interfaces/nest-gateway.interface.ts,100,0
packages/websockets/interfaces/server-and-event-streams-host.interface.ts,100,0
packages/websockets/interfaces/web-socket-server.interface.ts,100,0
packages/websockets/interfaces/websockets-entrypoint-metadata.interface.ts,100,0
packages/websockets/interfaces/ws-response.interface.ts,100,0
packages/websockets/internal.ts,100,0
packages/websockets/socket-module.ts,35.41,48
packages/websockets/socket-server-provider.ts,95.65,23
packages/websockets/sockets-container.ts,100,8
packages/websockets/utils/compare-element.util.ts,100,1
packages/websockets/utils/index.ts,100,0
packages/websockets/utils/param.utils.ts,100,21
packages/websockets/web-sockets-controller.ts,85.71,161
